ID,SMILES,Reward,CID
Pyrukynd,C1CC1CN2CCN(CC2)C(=O)C3=CC=C(C=C3)NS(=O)(=O)C4=CC=CC5=C4N=CC=C5.C1CC1CN2CCN(CC2)C(=O)C3=CC=C(C=C3)NS(=O)(=O)C4=CC=CC5=C4N=CC=C5.O.O.O.OS(=O)(=O)O,1,134693700.0
Camzyos,CC(C)N1C(=O)C=C(NC1=O)NC(C)C2=CC=CC=C2,1,117763040.0
Voquezna,CNCC1=CN(C(=C1)C2=CC=CC=C2F)S(=O)(=O)C3=CN=CC=C3,1,15981397.0
Vtama,CC(C)C1=C(C=C(C=C1O)C=CC2=CC=CC=C2)O,1,133191.0
Sotyktu,CNC(=O)C1=NN=C(C=C1NC2=CC=CC(=C2OC)C3=NN(C=N3)C)NC(=O)C4CC4,1,138713709.0
Vericiguat,COC(=O)NC1=C(N=C(N=C1N)C2=NN(C3=C2C=C(C=N3)F)CC4=CC=CC=C4F)N,1,54674461.0
Trilacicilib,CN1CCN(CC1)C2=CN=C(C=C2)NC3=NC=C4C=C5C(=O)NCC6(N5C4=N3)CCCCC6.Cl.Cl,1,124081865.0
Fosdenopterin,C1C2C(C(C3C(O2)NC4=C(N3)C(=O)NC(=N4)N)(O)O)OP(=O)(O1)O,1,135894389.0
Azstarys [a],COC(=O)C(C1CCCCN1C(=O)OC[N+]2=CC=CC(=C2)C(=O)NC(CO)C(=O)[O-])C3=CC=CC=C3,1,163192614.0
Ibrexafungerp,CC(C)C(C)C1(CCC2(C3CCC4C5(COCC4(C3=CCC2(C1C(=O)O)C)CC(C5OCC(C)(C(C)(C)C)N)N6C(=NC=N6)C7=CC=NC=C7)C)C)C,1,75163792.0
Finerenone,CCOC1=NC=C(C2=C1C(C(=C(N2)C)C(=O)N)C3=C(C=C(C=C3)C#N)OC)C,1,24993045.0
Fexinidazole,CN1C(=CN=C1COC2=CC=C(C=C2)SC)[N+](=O)[O-],1,68792.0
Belumosudil,CC(C)NC(=O)COC1=CC=CC(=C1)C2=NC3=CC=CC=C3C(=N2)NC4=CC5=C(C=C4)NN=C5,1,11950170.0
Odevixibat,CCCCC1(CN(C2=CC(=C(C=C2S(=O)(=O)N1)OCC(=O)NC(C3=CC=C(C=C3)O)C(=O)NC(CC)C(=O)O)SC)C4=CC=CC=C4)CCCC,1,21896707.0
Belzutifan,CS(=O)(=O)C1=C2C(C(C(C2=C(C=C1)OC3=CC(=CC(=C3)C#N)F)F)F)O,1,123508842.0
Difelikefalin,CC(C)CC(C(=O)NC(CCCCN)C(=O)N1CCC(CC1)(C(=O)O)N)NC(=O)C(CC2=CC=CC=C2)NC(=O)C(CC3=CC=CC=C3)N,1,74316779.0
Tazverik,CCN(C1CCOCC1)C2=CC(=CC(=C2C)C(=O)NCC3=C(C=C(NC3=O)C)C)C4=CC=C(C=C4)CN5CCOCC5,1,66558664.0
Nexletol,CC(C)(CCCCCC(CCCCCC(C)(C)C(=O)O)O)C(=O)O,1,10472693.0
Isturisa,C1CC2=CN=CN2C1C3=C(C=C(C=C3)C#N)F,1,58827053.0
Koselugo,CN1C=NC2=C1C=C(C(=C2F)NC3=C(C=C(C=C3)Br)Cl)C(=O)NOCCO,1,10127622.0
Tauvid,C1=CC2=C(C=C1C3=CN=C(C=C3)F)NC4=C2C=NC=C4,1,71059746.0
Rukobia,CC1=NN(C=N1)C2=NC=C(C3=C2N(C=C3C(=O)C(=O)N4CCN(CC4)C(=O)C5=CC=CC=C5)COP(=O)(O)O)OC.C(C(CO)(CO)N)O,1,46892186.0
Xeglyze,CC1=CN=C(C=C1)C2=NC=C(C=C2)C,1,15664.0
Winlevi,CCC(=O)OC1(CCC2C1(CCC3C2CCC4=CC(=O)CCC34C)C)C(=O)CO,1,73084847.0
Veklury,CCC(CC)COC(=O)C(C)NP(=O)(OCC1C(C(C(O1)(C#N)C2=CC=C3N2N=CN=C3N)O)O)OC4=CC=CC=C4,1,76415573.0
Zokinvy,C1CN(CCC1CC(=O)N2CCC(CC2)C3C4=C(CCC5=C3N=CC(=C5)Br)C=C(C=C4Br)Cl)C(=O)N,1,9852353.0
Imcivree,CC1C(=O)NC(C(=O)NC(C(=O)NC(C(=O)NC(C(=O)NC(CSSCC(C(=O)N1)NC(=O)C(CCCN=C(N)N)NC(=O)C)C(=O)N)CC2=CNC3=CC=CC=C32)CCCN=C(N)N)CC4=CC=CC=C4)CC5=CN=CN5.CC(=O)O.CC(=O)O.CC(=O)O,1,
Psma-11,C1=CC(=C(C=C1CCC(=O)NCCCCCC(=O)NCCCCC(C(=O)O)NC(=O)NC(CCC(=O)O)C(=O)O)CN(CCN(CC2=C(C=CC(=C2)CCC(=O)O)O)CC(=O)O)CC(=O)O)O,1,72661572.0
Klisyri,C1COCCN1CCOC2=CC=C(C=C2)C3=CN=C(C=C3)CC(=O)NCC4=CC=CC=C4,1,23635314.0
Piqray,CC1=C(SC(=N1)NC(=O)N2CCCC2C(=O)N)C3=CC(=NC=C3)C(C)(C)C(F)(F)F,1,75163532.0
Zulresso,CC(=O)C1CCC2C1(CCC3C2CCC4C3(CCC(C4)O)C)C,1,262961.0
Rozlytrek,CN1CCN(CC1)C2=CC(=C(C=C2)C(=O)NC3=NNC4=C3C=C(C=C4)CC5=CC(=CC(=C5)F)F)NC6CCOCC6,1,25141092.0
Balversa,CC(C)NCCN(C1=CC2=NC(=CN=C2C=C1)C3=CN(N=C3)C)C4=CC(=CC(=C4)OC)OC,1,67462786.0
Inrebic,CC1=CN=C(N=C1NC2=CC(=CC=C2)S(=O)(=O)NC(C)(C)C)NC3=CC=C(C=C3)OCCN4CCCC4,1,16722836.0
Xenleta,CC1CCC23CCC(=O)C2C1(C(CC(C(C3C)O)(C)C=C)OC(=O)CSC4CCC(CC4O)N)C,1,74368213.0
Turalio,C1=CC(=NC=C1CC2=CNC3=C2C=C(C=N3)Cl)NCC4=CN=C(C=C4)C(F)(F)F,1,25151352.0
Pretomanid [a],C1C(COC2=NC(=CN21)[N+](=O)[O-])OCC3=CC=C(C=C3)OC(F)(F)F,1,21062558.0
Seysara,CN(C)C1C2CC3CC4=C(C=CC(=C4C(=C3C(=O)C2(C(=C(C1=O)C(=O)N)O)O)O)O)CN(C)OC,1,57345763.0
Mayzent,CCC1=C(C=CC(=C1)C(=NOCC2=CC(=C(C=C2)C3CCCCC3)C(F)(F)F)C)CN4CC(C4)C(=O)O,1,72959169.0
Sunosi,C1=CC=C(C=C1)CC(COC(=O)N)N,1,11708214.0
Aklief,CC(C)(C)C1=C(C=CC(=C1)C2=C(C=CC(=C2)C3=CC=C(C=C3)C(=O)O)OCCO)N4CCCC4,1,11518241.0
Rinvoq,CCC1CN(CC1C2=CN=C3N2C4=C(NC=C4)N=C3)C(=O)NCC(F)(F)F,1,76829165.0
Oxbryta,CC(C)N1C(=CC=N1)C2=C(C=CC=N2)COC3=CC=CC(=C3C=O)O,1,71602803.0
Brukinsa,C=CC(=O)N1CCC(CC1)C2CCNC3=C(C(=NN23)C4=CC=C(C=C4)OC5=CC=CC=C5)C(=O)N,1,135905454.0
